﻿<?xml version="1.0" encoding="utf-8"?>
<cmds>
	<cmd name="AddContact"  comment="添加好友">
    		<subcmd name="all" comment="添加所有好友，不过滤">
      			<param name="uin" comment="需要添加的uin"/>
      			<param name="fromid" comment="从何处业务发起的添加好友,主来源ID"/>
      			<param name="fromsubid" comment="从何处业务发起的添加好友，子来源ID"/>          
        </subcmd>
	</cmd>
	<cmd name="StartupVas"  comment="启动业务功能，如宠物，QQ音乐等">
    		<subcmd name="QQPet" comment="启动QQ宠物">
      			<param name="exparam" comment="透传给宠物的参数"/>
    		</subcmd>
	</cmd>
	<cmd name="WblogApply"  comment="微博应用">
    		<subcmd name="Rebroad" comment="调用客户端微博的转播消息对话框">
      			<param name="MsgID" comment="转播的微博消息ID"/>
    		</subcmd>
		<subcmd name="Reply" comment="调用客户端微博的对话消息对话框">
      			<param name="MsgID" comment="转播的微博消息ID"/>
    		</subcmd>
	</cmd>
  <cmd name="ContactInfo"  comment="联系人资料相关功能">
    <subcmd name="ViewInfo" comment="查看联系人资料">
      <param name="uin" comment="需要查看的好友帐号"/>
    </subcmd>
  </cmd>
  <cmd name="QTalk"  comment="团队语音相关功能">
    <subcmd name="Startup" comment="启动团队语音，进入房间">
      <param name="account" comment="帐号"/>
      <param name="roomid" comment="房间号"/>
      <param name="extparam" comment="扩展参数，QT可以在这里自定义更多参数的格式"/>
    </subcmd>
  </cmd>
  <cmd name="QPlusEvent"  comment="QPlus事件通知">
    <subcmd name="OnHidden" comment="QPlus隐藏通知">
      <param name="uin" comment="QPlus登录的QQ帐号"/>
    </subcmd>
    <subcmd name="OnExit" comment="QPlus退出通知">
      <param name="uin" comment="QPlus登录的QQ帐号"/>
    </subcmd>
    <subcmd name="OnShowMainPanel" comment="QPlus调用QQ显示主面板">
      <param name="uin" comment="QPlus登录的QQ帐号"/>
    </subcmd>
    <!--Begin->2012-06-10 Added by lovekidchen for Qplus-->
    <subcmd name="OnOpenAppFromDesktop" call_after_login="true" comment="QPlus调用添加/打开应用">
      <param name="appid" comment="QPlus添加/打开应用的id"/>
    </subcmd>
    <!--End->2012-06-10 Added by lovekidchen for Qplus-->
  </cmd>
  <cmd name="QPlusAppTest" comment="页面调用QQ试玩窗口">
    <subcmd name="OpenQPlusAppExpress" call_after_login="true" comment="调用QQ试玩窗口">
      <param name="dwAppId" comment="应用程序 id"/>
      <param name="strAppName" comment="应用程序名"/>
      <param name="intWidth" comment="试玩窗口宽"/>
      <param name="intHeight" comment="试玩窗口高"/>
      <param name="dwFromUin" comment="推荐好友 uin"/>
    </subcmd> 
  </cmd>  
  <cmd name="AudioVideo" comment="AudioVideo事件通知">
    <subcmd name="JoinGVideo" call_after_login="true" comment="飞机票加入多人视通知">
      <param name="ticket" comment="多人视频飞机票内容"/>
    </subcmd>
  </cmd>
  <cmd name="SpeedDating" comment="SpeedDating事件通知">
    <subcmd name="Startup"  comment="SpeedDating启动闪约">
      <param name="uin" comment="帐号"/>
      <param name="extparam" comment="扩展参数"/>
    </subcmd>
  </cmd>
  <cmd name="qplusprotocol" comment="web拉起QPlus">
    <subcmd name="runapp" call_after_login="true" comment="web拉起QPlus的应用app">
      <param name="appid" comment="appID"/>
    </subcmd>
  </cmd>
  <cmd name="groupwpa"  comment="群WPA">
    <subcmd name="all" call_after_login="true" comment="添加并打开">
      <param name="param" comment="json参数串"/>
    </subcmd>
  </cmd>
  <cmd name="QQInternet" comment="qq互联">
	<subcmd name="savemsg" call_after_login="true" comment="保存消息记录">
		<param name="dwFromUin" comment="发起方的uin"/>
		<param name="msgcontent" comment="消息内容"/>
		<param name="shareto" comment="json参数保存接收方的uin列表"/>
	</subcmd>
  </cmd>
  <cmd name="openchat" comment="打開聊天會話">
    <subcmd name="opengroup" call_after_login="true" comment="打開群">
      <param name="id" comment="群id"/>
    </subcmd>
    <subcmd name="opendiscuss" call_after_login="true" comment="打開討論組">
      <param name="id" comment="討論組id"/>
    </subcmd>
  </cmd>
   <cmd name="finger"  comment="查找">
    <subcmd name="qiaoyuka" comment="巧遇卡">
      <param name="param" comment="json参数串"/>
    </subcmd>
  </cmd>
  <cmd name="QQGame"  comment="QQGame">
    <!--这样写是不科学的，必须要有子命令！
        因为老协议已经写成这样了，被迫迁就下。ramonji 2013/1/14-->
    <subcmd name="null" comment="无子命令号">
      <param name="cmdID" comment="cmdID"/>
      <param name="GameID" comment="GameID"/>
      <param name="ServerID" comment="ServerID"/>
      <param name="RoomID" comment="RoomID"/>
    </subcmd>
  </cmd>
<cmd name="friendcircle" comment="圈子">
    <subcmd name="showmainframe"  comment="打开圈子主面板">
       <param name="qid" comment="圈号"/>
      <param name="qfid" comment="圈内id"/>
     <param name="params" comment="扩展参数"/>
    </subcmd>
  </cmd>
<cmd name="AppBox" comment="web拉起应用管理器">
    <subcmd name="OpenTab" call_after_login="true" comment="web拉起应用器定位到对应的Tab">
	<param name="appID" comment="应用ID"/>      
	<param name="tabName" comment="需要定位的Tab页名字"/>
	<param name="action" comment="对应用进行的操作"/>
    </subcmd>
</cmd>
</cmds>